t_s,setpoint,yaw,u,err,P,I,D,sat,height_m,motor_on
0.192,61.4,61.5,-13.1,-0.1,-12.1,-1.0,0.0,0,1.5,1
0.294,61.4,61.4,6.4,0.0,0.0,-1.0,7.3,0,1.5,1
0.4,61.4,61.4,-1.0,0.0,0.0,-1.0,-0.0,0,1.5,1
0.5,61.4,61.4,-1.0,0.0,0.0,-1.0,-0.0,0,1.5,1
0.6,61.4,61.4,-1.0,0.0,0.0,-1.0,-0.0,0,1.5,1
0.7,61.4,61.4,-1.0,0.0,0.0,-1.0,-0.0,0,1.5,1
0.791,61.4,61.4,-1.0,0.0,0.0,-1.0,-0.0,0,1.5,1
0.894,61.4,61.4,-1.0,0.0,0.0,-1.0,-0.0,0,1.5,1
0.995,61.4,61.4,-1.0,0.0,0.0,-1.0,-0.0,0,1.5,1
1.1,61.4,61.4,-1.0,0.0,0.0,-1.0,-0.0,0,1.5,1
1.2,61.4,61.4,-1.0,0.0,0.0,-1.0,-0.0,0,1.5,1
1.3,61.4,61.4,-1.0,0.0,0.0,-1.0,-0.0,0,1.5,1
1.39,61.4,61.4,-1.0,0.0,0.0,-1.0,-0.0,0,1.5,1
1.492,61.4,61.4,-1.0,0.0,0.0,-1.0,-0.0,0,1.5,1
1.594,61.4,61.4,-1.0,0.0,0.0,-1.0,-0.0,0,1.5,1
1.695,61.4,61.4,-1.0,0.0,0.0,-1.0,-0.0,0,1.5,1
1.801,61.4,61.4,-1.0,0.0,0.0,-1.0,-0.0,0,1.5,1
1.901,61.4,61.4,-1.0,0.0,0.0,-1.0,-0.0,0,1.5,1
1.989,61.4,61.4,-1.0,0.0,0.0,-1.0,-0.0,0,1.5,1
2.102,61.4,61.4,-1.0,0.0,0.0,-1.0,-0.0,0,1.5,1
2.202,61.4,61.5,-21.4,-0.1,-12.1,-1.9,-7.3,0,1.5,1
2.29,61.4,61.4,5.4,0.0,0.0,-1.9,7.3,0,1.5,1
2.391,61.4,61.4,-1.9,0.0,0.0,-1.9,-0.0,0,1.5,1
2.493,61.4,61.4,-1.9,0.0,0.0,-1.9,-0.0,0,1.5,1
2.595,61.4,61.4,-1.9,0.0,0.0,-1.9,-0.0,0,1.5,1
2.696,61.4,61.4,-1.9,0.0,0.0,-1.9,-0.0,0,1.5,1
2.803,61.4,61.4,-1.9,0.0,0.0,-1.9,-0.0,0,1.5,1
2.902,61.4,61.4,-1.9,0.0,0.0,-1.9,-0.0,0,1.5,1
2.99,61.4,61.4,-1.9,0.0,0.0,-1.9,-0.0,0,1.5,1
3.092,61.4,61.4,-1.9,0.0,0.0,-1.9,-0.0,0,1.5,1
3.194,151.4,61.5,660,89.9,10900.5,-1.9,0.0,1,1.5,1
3.296,151.4,62.9,660,88.5,10730.8,-1.9,-102.7,1,1.5,1
3.397,151.4,67.7,660,83.7,10148.7,-1.9,-352.1,1,1.5,1
3.501,151.4,72.8,660,78.6,9530.4,-1.9,-374.1,1,1.5,1
3.592,151.4,77.9,660,73.5,8912.0,-1.9,-374.1,1,1.5,1
3.691,151.4,82.9,660,68.5,8305.7,-1.9,-366.8,1,1.5,1
3.794,151.4,87.9,660,63.5,7699.5,-1.9,-366.8,1,1.5,1
3.896,151.4,92.9,660,58.5,7093.2,-1.9,-366.8,1,1.5,1
3.997,151.4,97.8,660,53.6,6499.1,-1.9,-359.4,1,1.5,1
4.099,151.4,102.8,660,48.6,5892.8,-1.9,-366.8,1,1.5,1
4.291,151.4,112.8,660,38.6,4680.3,-1.9,-733.5,1,1.5,1
4.393,151.4,117.8,660,33.6,4074.0,-1.9,-366.8,1,1.5,1
4.495,151.4,122.8,660,28.6,3467.8,-1.9,-366.8,1,1.5,1
4.596,151.4,127.8,660,23.6,2861.5,-1.9,-366.8,1,1.5,1
4.698,151.4,132.8,660,18.6,2255.3,-1.9,-366.8,1,1.5,1
4.805,151.4,137.8,660,13.6,1649.0,-1.9,-366.8,1,1.5,1
4.992,151.4,147.8,-264.7,3.6,436.5,32.4,-733.5,0,1.5,1
5.093,151.4,152.6,-476.7,-1.2,-145.5,20.9,-352.1,0,1.5,1
5.195,151.4,151.7,47.7,-0.3,-36.4,18.1,66.0,0,1.5,1
5.296,151.4,148.4,652.5,3.0,363.8,46.6,242.1,0,1.5,1
5.401,151.4,147.5,622.7,3.9,472.9,83.8,66.0,0,1.5,1
5.499,151.4,151.7,-263.5,-0.3,-36.4,80.9,-308.1,0,1.5,1
5.591,151.4,156.6,-660,-5.2,-630.5,80.9,-359.4,1,1.5,1
5.692,151.4,156.4,-558.3,-5.0,-606.3,33.3,14.7,0,1.5,1
5.794,151.4,152.1,257.2,-0.7,-84.9,26.7,315.4,0,1.5,1
5.895,151.4,147.6,660,3.8,460.8,26.7,330.1,1,1.5,1
5.997,151.4,147.3,584.8,4.1,497.1,65.7,22.0,0,1.5,1
6.101,151.4,151.9,-337.1,-0.5,-60.6,60.9,-337.4,0,1.5,1
6.2,151.4,155.9,-660,-4.5,-545.6,60.9,-293.4,1,1.5,1
6.29,151.4,154.1,-160.1,-2.7,-327.4,35.2,132.0,0,1.5,1
6.392,151.4,149.7,580.3,1.7,206.1,51.4,322.8,0,1.5,1
6.494,151.4,148.8,457.4,2.6,315.3,76.2,66.0,0,1.5,1
6.697,151.4,153.8,-604.5,-2.4,-291.0,53.3,-366.8,0,1.5,1
6.9,151.4,153.3,-158.5,-1.9,-230.4,35.2,36.7,0,1.5,1
6.991,151.4,148.6,660,2.8,339.5,35.2,344.8,1,1.5,1
7.092,151.4,146.8,660,4.6,557.8,35.2,132.0,1,1.5,1
7.195,151.4,149.7,44.8,1.7,206.1,51.4,-212.7,0,1.5,1
7.297,151.4,154.7,-660,-3.3,-400.1,51.4,-366.8,1,1.5,1
7.398,151.4,156.3,-660,-4.9,-594.1,51.4,-117.4,1,1.5,1
7.591,151.4,147.0,660,4.4,533.5,51.4,682.2,1,1.5,1
7.692,151.4,142.3,660,9.1,1103.4,51.4,344.8,1,1.5,1
7.794,151.4,145.4,608.6,6.0,727.5,108.5,-227.4,0,1.5,1
7.895,151.4,150.5,-147.9,0.9,109.1,117.1,-374.1,0,1.5,1
7.996,151.4,155.4,-660,-4.0,-485.0,117.1,-359.4,1,1.5,1
8.1,151.4,154.9,-303.9,-3.5,-424.4,83.8,36.7,0,1.5,1
8.199,151.4,150.4,544.6,1.0,121.3,93.3,330.1,0,1.5,1
8.301,151.4,148.4,632.3,3.0,363.8,121.9,146.7,0,1.5,1
8.392,151.4,151.1,-37.0,0.3,36.4,124.7,-198.1,0,1.5,1
8.595,151.4,156.7,-660,-5.3,-642.6,124.7,-410.8,1,1.5,1
8.697,151.4,156.4,-507.1,-5.0,-606.3,77.1,22.0,0,1.5,1
8.798,151.4,152.7,178.5,-1.3,-157.6,64.7,271.4,0,1.5,1
8.899,151.4,149.4,568.3,2.0,242.5,83.8,242.1,0,1.5,1
8.991,151.4,150.8,59.5,0.6,72.8,89.5,-102.7,0,1.5,1
9.092,151.4,154.9,-660,-3.5,-424.4,56.2,-300.8,1,1.5,1
9.196,151.4,155.0,-421.9,-3.6,-436.5,21.9,-7.3,0,1.5,1
9.296,151.4,150.7,428.9,0.7,84.9,28.6,315.4,0,1.5,1
9.499,151.4,150.6,140.5,0.8,97.0,36.2,7.3,0,1.5,1
9.6,151.4,153.6,-471.6,-2.2,-266.8,15.2,-220.1,0,1.5,1
9.691,151.4,155.2,-599.1,-3.8,-460.8,-20.9,-117.4,0,1.5,1
9.793,151.4,152.7,-7.6,-1.3,-157.6,-33.3,183.4,0,1.5,1
9.895,151.4,150.2,307.0,1.2,145.5,-21.9,183.4,0,1.5,1
9.996,151.4,150.3,114.6,1.1,133.4,-11.4,-7.3,0,1.5,1
10.098,151.4,151.3,-71.7,0.1,12.1,-10.5,-73.4,0,1.5,1
10.199,151.4,151.6,-58.6,-0.2,-24.3,-12.4,-22.0,0,1.5,1
10.29,151.4,151.4,2.3,-0.0,-0.0,-12.4,14.7,0,1.5,1
10.392,151.4,151.3,8.0,0.1,12.1,-11.4,7.3,0,1.5,1
10.494,151.4,151.3,1.7,0.1,12.1,-10.5,-0.0,0,1.5,1
10.697,151.4,151.3,2.6,0.1,12.1,-9.5,-0.0,0,1.5,1
10.798,151.4,151.3,3.6,0.1,12.1,-8.6,-0.0,0,1.5,1
10.9,151.4,151.3,4.5,0.1,12.1,-7.6,-0.0,0,1.5,1
10.991,151.4,151.3,5.5,0.1,12.1,-6.7,-0.0,0,1.5,1
11.092,151.4,151.3,6.4,0.1,12.1,-5.7,-0.0,0,1.5,1
11.195,151.4,151.3,7.4,0.1,12.1,-4.8,-0.0,0,1.5,1
11.397,151.4,151.4,-12.1,-0.0,-0.0,-4.8,-7.3,0,1.5,1
11.498,151.4,151.4,-4.8,-0.0,-0.0,-4.8,-0.0,0,1.5,1
11.59,151.4,151.4,-4.8,-0.0,-0.0,-4.8,-0.0,0,1.5,1
11.691,151.4,151.4,-4.8,-0.0,-0.0,-4.8,-0.0,0,1.5,1
11.793,151.4,151.4,-4.8,-0.0,-0.0,-4.8,-0.0,0,1.5,1
11.894,151.4,151.4,-4.8,-0.0,-0.0,-4.8,-0.0,0,1.5,1
11.995,151.4,151.4,-4.8,-0.0,-0.0,-4.8,-0.0,0,1.5,1
12.097,151.4,151.4,-4.8,-0.0,-0.0,-4.8,-0.0,0,1.5,1
12.199,151.4,151.3,15.7,0.1,12.1,-3.8,7.3,0,1.5,1
12.29,151.4,151.3,9.3,0.1,12.1,-2.9,-0.0,0,1.5,1
12.391,151.4,151.3,10.2,0.1,12.1,-1.9,-0.0,0,1.5,1
12.493,151.4,151.3,11.2,0.1,12.1,-1.0,-0.0,0,1.5,1
12.594,151.4,151.3,12.1,0.1,12.1,-0.0,-0.0,0,1.5,1
12.797,151.4,151.3,13.1,0.1,12.1,1.0,-0.0,0,1.5,1
12.898,151.4,151.3,14.0,0.1,12.1,1.9,-0.0,0,1.5,1
12.999,151.4,151.3,15.0,0.1,12.1,2.9,-0.0,0,1.5,1
13.093,151.4,151.3,15.9,0.1,12.1,3.8,-0.0,0,1.5,1
13.195,151.4,151.3,16.9,0.1,12.1,4.8,-0.0,0,1.5,1
13.298,151.4,151.3,17.8,0.1,12.1,5.7,-0.0,0,1.5,1
13.499,151.4,151.3,18.8,0.1,12.1,6.7,-0.0,0,1.5,1
13.691,151.4,151.3,19.7,0.1,12.1,7.6,-0.0,0,1.5,1
13.794,151.4,151.3,20.7,0.1,12.1,8.6,-0.0,0,1.5,1
13.894,151.4,151.3,21.6,0.1,12.1,9.5,-0.0,0,1.5,1
13.997,151.4,151.3,22.6,0.1,12.1,10.5,-0.0,0,1.5,1
14.199,151.4,151.4,3.1,-0.0,-0.0,10.5,-7.3,0,1.5,1
14.29,151.4,151.4,10.5,-0.0,-0.0,10.5,-0.0,0,1.5,1
14.392,151.4,151.4,10.5,-0.0,-0.0,10.5,-0.0,0,1.5,1
14.494,151.4,151.4,10.5,-0.0,-0.0,10.5,-0.0,0,1.5,1
14.595,151.4,151.4,10.5,-0.0,-0.0,10.5,-0.0,0,1.5,1
14.696,151.4,151.4,10.5,-0.0,-0.0,10.5,-0.0,0,1.5,1
14.798,151.4,151.4,10.5,-0.0,-0.0,10.5,-0.0,0,1.5,1
14.899,151.4,151.4,10.5,-0.0,-0.0,10.5,-0.0,0,1.5,1
15.093,151.4,151.4,10.5,-0.0,-0.0,10.5,-0.0,0,1.5,1
15.202,151.4,151.4,10.5,-0.0,-0.0,10.5,-0.0,0,1.5,1
15.296,151.4,151.4,10.5,-0.0,-0.0,10.5,-0.0,0,1.5,1
15.397,151.4,151.4,10.5,-0.0,-0.0,10.5,-0.0,0,1.5,1
15.59,151.4,151.4,10.5,-0.0,-0.0,10.5,-0.0,0,1.5,1
15.691,151.4,151.4,10.5,-0.0,-0.0,10.5,-0.0,0,1.5,1
15.794,151.4,151.4,10.5,-0.0,-0.0,10.5,-0.0,0,1.5,1
15.895,151.4,151.4,10.5,-0.0,-0.0,10.5,-0.0,0,1.5,1
15.996,151.4,151.4,10.5,-0.0,-0.0,10.5,-0.0,0,1.5,1
16.098,151.4,151.4,10.5,-0.0,-0.0,10.5,-0.0,0,1.5,1
16.292,151.4,151.4,10.5,-0.0,-0.0,10.5,-0.0,0,1.5,1
16.392,151.4,151.3,30.9,0.1,12.1,11.4,7.3,0,1.5,1
16.494,151.4,151.4,4.1,-0.0,-0.0,11.4,-7.3,0,1.5,1
16.595,151.4,151.4,11.4,-0.0,-0.0,11.4,-0.0,0,1.5,1
16.697,151.4,151.4,11.4,-0.0,-0.0,11.4,-0.0,0,1.5,1
16.799,151.4,151.4,11.4,-0.0,-0.0,11.4,-0.0,0,1.5,1
16.9,151.4,151.4,11.4,-0.0,-0.0,11.4,-0.0,0,1.5,1
16.991,151.4,151.4,11.4,-0.0,-0.0,11.4,-0.0,0,1.5,1
17.093,151.4,151.4,11.4,-0.0,-0.0,11.4,-0.0,0,1.5,1
17.194,151.4,151.4,11.4,-0.0,-0.0,11.4,-0.0,0,1.5,1
17.296,151.4,151.4,11.4,-0.0,-0.0,11.4,-0.0,0,1.5,1
17.398,151.4,151.4,11.4,-0.0,-0.0,11.4,-0.0,0,1.5,1
17.499,151.4,151.4,11.4,-0.0,-0.0,11.4,-0.0,0,1.5,1
17.591,151.4,151.4,11.4,-0.0,-0.0,11.4,-0.0,0,1.5,1
17.691,151.4,151.4,11.4,-0.0,-0.0,11.4,-0.0,0,1.5,1
17.895,151.4,151.4,11.4,-0.0,-0.0,11.4,-0.0,0,1.5,1
18.098,151.4,151.4,11.4,-0.0,-0.0,11.4,-0.0,0,1.5,1
18.199,61.4,151.4,-660,-90.0,-10912.6,11.4,0.0,1,1.5,1
18.392,61.4,147.3,-660,-85.9,-10415.5,11.4,300.8,1,1.5,1
18.497,61.4,142.1,-660,-80.7,-9785.0,11.4,381.4,1,1.5,1
18.595,61.4,137.0,-660,-75.6,-9166.6,11.4,374.1,1,1.5,1
18.697,61.4,132.0,-660,-70.6,-8560.4,11.4,366.8,1,1.5,1
18.799,61.4,127.0,-660,-65.6,-7954.1,11.4,366.8,1,1.5,1
18.904,61.4,122.1,-660,-60.7,-7360.0,11.4,359.4,1,1.5,1
18.993,61.4,117.1,-660,-55.7,-6753.7,11.4,366.8,1,1.5,1
19.094,61.4,112.1,-660,-50.7,-6147.4,11.4,366.8,1,1.5,1
19.29,61.4,102.1,-660,-40.7,-4934.9,11.4,733.5,1,1.5,1
19.392,61.4,97.1,-660,-35.7,-4328.7,11.4,366.8,1,1.5,1
19.493,61.4,92.1,-660,-30.7,-3722.4,11.4,366.8,1,1.5,1
19.595,61.4,87.2,-660,-25.8,-3128.3,11.4,359.4,1,1.5,1
19.696,61.4,82.3,-660,-20.9,-2534.2,11.4,359.4,1,1.5,1
19.797,61.4,77.4,-660,-16.0,-1940.0,11.4,359.4,1,1.5,1
19.899,61.4,72.4,-660,-11.0,-1333.8,11.4,366.8,1,1.5,1
19.991,61.4,67.4,-406.4,-6.0,-727.5,-45.7,366.8,0,1.5,1
20.091,61.4,62.5,169.9,-1.1,-133.4,-56.2,359.4,0,1.5,1
20.193,61.4,60.1,289.9,1.3,157.6,-43.8,176.0,0,1.5,1
20.295,61.4,60.8,-16.7,0.6,72.8,-38.1,-51.3,0,1.5,1
20.396,61.4,62.0,-204.6,-0.6,-72.8,-43.8,-88.0,0,1.5,1
20.497,61.4,62.0,-122.3,-0.6,-72.8,-49.5,-0.0,0,1.5,1
20.601,61.4,61.1,55.7,0.3,36.4,-46.6,66.0,0,1.5,1
20.7,61.4,60.5,115.1,0.9,109.1,-38.1,44.0,0,1.5,1
20.791,61.4,60.6,59.2,0.8,97.0,-30.5,-7.3,0,1.5,1
20.995,61.4,61.3,-68.7,0.1,12.1,-29.5,-51.3,0,1.5,1
21.198,61.4,61.1,24.4,0.3,36.4,-26.7,14.7,0,1.5,1
21.299,61.4,60.9,53.4,0.5,60.6,-21.9,14.7,0,1.5,1
21.391,61.4,60.9,43.5,0.5,60.6,-17.1,-0.0,0,1.5,1
21.495,61.4,61.0,27.8,0.4,48.5,-13.3,-7.3,0,1.5,1
21.696,61.4,61.2,-1.8,0.2,24.3,-11.4,-14.7,0,1.5,1
21.899,61.4,61.2,14.7,0.2,24.3,-9.5,-0.0,0,1.5,1
21.99,61.4,61.2,16.6,0.2,24.3,-7.6,-0.0,0,1.5,1
22.091,61.4,61.3,-1.9,0.1,12.1,-6.7,-7.3,0,1.5,1
22.193,61.4,61.3,6.4,0.1,12.1,-5.7,-0.0,0,1.5,1
22.294,61.4,61.3,7.4,0.1,12.1,-4.8,-0.0,0,1.5,1
22.396,61.4,61.3,8.3,0.1,12.1,-3.8,-0.0,0,1.5,1
22.497,61.4,61.3,9.3,0.1,12.1,-2.9,-0.0,0,1.5,1
22.598,61.4,61.3,10.2,0.1,12.1,-1.9,-0.0,0,1.5,1
22.69,61.4,61.3,11.2,0.1,12.1,-1.0,-0.0,0,1.5,1
22.792,61.4,61.3,12.1,0.1,12.1,-0.0,-0.0,0,1.5,1
22.894,61.4,61.4,-7.3,-0.0,-0.0,-0.0,-7.3,0,1.5,1
23.096,61.4,61.4,-0.0,-0.0,-0.0,-0.0,-0.0,0,1.5,1
23.198,61.4,61.3,20.4,0.1,12.1,1.0,7.3,0,1.5,1
23.299,61.4,61.3,14.0,0.1,12.1,1.9,-0.0,0,1.5,1
23.39,61.4,61.3,15.0,0.1,12.1,2.9,-0.0,0,1.5,1
23.492,61.4,61.4,-4.5,-0.0,-0.0,2.9,-7.3,0,1.5,1
23.594,61.4,61.4,2.9,-0.0,-0.0,2.9,-0.0,0,1.5,1
23.798,61.4,61.4,2.9,-0.0,-0.0,2.9,-0.0,0,1.5,1
24.0,61.4,61.4,2.9,-0.0,-0.0,2.9,-0.0,0,1.5,1
24.091,61.4,61.4,2.9,-0.0,-0.0,2.9,-0.0,0,1.5,1
24.295,61.4,61.3,23.3,0.1,12.1,3.8,7.3,0,1.5,1
24.396,61.4,61.2,37.3,0.2,24.3,5.7,7.3,0,1.5,1
24.498,61.4,61.2,31.9,0.2,24.3,7.6,-0.0,0,1.5,1
24.599,61.4,61.3,13.4,0.1,12.1,8.6,-7.3,0,1.5,1
24.701,61.4,61.3,21.6,0.1,12.1,9.5,-0.0,0,1.5,1
24.793,61.4,61.3,22.6,0.1,12.1,10.5,-0.0,0,1.5,1
24.894,61.4,61.4,3.1,-0.0,-0.0,10.5,-7.3,0,1.5,1
24.995,61.4,61.4,10.5,-0.0,-0.0,10.5,-0.0,0,1.5,1
25.097,61.4,61.4,10.5,-0.0,-0.0,10.5,-0.0,0,1.5,1
25.198,61.4,61.4,10.5,-0.0,-0.0,10.5,-0.0,0,1.5,1
25.299,61.4,61.4,10.5,-0.0,-0.0,10.5,-0.0,0,1.5,1
25.492,61.4,61.4,10.5,-0.0,-0.0,10.5,-0.0,0,1.5,1
25.596,61.4,61.4,10.5,-0.0,-0.0,10.5,-0.0,0,1.5,1
25.696,61.4,61.4,10.5,-0.0,-0.0,10.5,-0.0,0,1.5,1
25.797,61.4,61.5,-9.9,-0.1,-12.1,9.5,-7.3,0,1.5,1
25.898,61.4,61.5,-3.6,-0.1,-12.1,8.6,-0.0,0,1.5,1
26.0,61.4,61.5,-4.5,-0.1,-12.1,7.6,-0.0,0,1.5,1
26.101,61.4,61.4,15.0,-0.0,-0.0,7.6,7.3,0,1.5,1
26.193,61.4,61.4,7.6,-0.0,-0.0,7.6,-0.0,0,1.5,1
26.295,61.4,61.4,7.6,-0.0,-0.0,7.6,-0.0,0,1.5,1
26.396,61.4,61.4,7.6,-0.0,-0.0,7.6,-0.0,0,1.5,1
26.498,61.4,61.4,7.6,-0.0,-0.0,7.6,-0.0,0,1.5,1
26.6,61.4,61.4,7.6,-0.0,-0.0,7.6,-0.0,0,1.5,1
26.701,61.4,61.4,7.6,-0.0,-0.0,7.6,-0.0,0,1.5,1
26.802,61.4,61.4,7.6,-0.0,-0.0,7.6,-0.0,0,1.5,1
26.904,61.4,61.4,7.6,-0.0,-0.0,7.6,-0.0,0,1.5,1
26.997,61.4,61.4,7.6,-0.0,-0.0,7.6,-0.0,0,1.5,1
27.098,61.4,61.4,7.6,-0.0,-0.0,7.6,-0.0,0,1.5,1
27.301,61.4,61.4,7.6,-0.0,-0.0,7.6,-0.0,0,1.5,1
27.402,61.4,61.4,7.6,-0.0,-0.0,7.6,-0.0,0,1.5,1
27.504,61.4,61.4,7.6,-0.0,-0.0,7.6,-0.0,0,1.5,1
27.595,61.4,61.4,7.6,-0.0,-0.0,7.6,-0.0,0,1.5,1
27.698,61.4,61.4,7.6,-0.0,-0.0,7.6,-0.0,0,1.5,1
27.798,61.4,61.4,7.6,-0.0,-0.0,7.6,-0.0,0,1.5,1
27.995,61.4,30.6,660,30.8,3734.5,7.6,2259.3,1,1.5,1
28.103,61.4,18.1,660,43.3,5250.2,7.6,916.9,1,1.5,1
28.204,61.4,18.0,660,43.4,5262.3,7.6,7.3,1,1.5,1
28.296,61.4,21.4,660,40.0,4850.1,7.6,-249.4,1,1.5,1
28.397,61.4,25.9,660,35.5,4304.4,7.6,-330.1,1,1.5,1
28.499,61.4,30.7,660,30.7,3722.4,7.6,-352.1,1,1.5,1
28.595,61.4,35.7,660,25.7,3116.2,7.6,-366.8,1,1.5,1
28.696,61.4,40.7,660,20.7,2509.9,7.6,-366.8,1,1.5,1
28.797,61.4,45.7,660,15.7,1903.6,7.6,-366.8,1,1.5,1
28.899,61.4,50.6,660,10.8,1309.5,7.6,-359.4,1,1.5,1
28.995,61.4,55.6,399.3,5.8,703.3,62.8,-366.8,0,1.5,1
29.096,61.4,60.2,-117.7,1.2,145.5,74.3,-337.4,0,1.5,1
29.195,61.4,62.8,-299.5,-1.4,-169.8,60.9,-190.7,0,1.5,1
29.298,61.4,62.3,-20.1,-0.9,-109.1,52.4,36.7,0,1.5,1
29.397,61.4,60.9,220.4,0.5,60.6,57.1,102.7,0,1.5,1
29.502,61.4,60.9,122.5,0.5,60.6,61.9,-0.0,0,1.5,1
29.6,61.4,61.9,-76.9,-0.5,-60.6,57.1,-73.4,0,1.5,1
29.696,61.4,62.5,-130.7,-1.1,-133.4,46.6,-44.0,0,1.5,1
29.796,61.4,62.4,-76.8,-1.0,-121.3,37.1,7.3,0,1.5,1
29.897,61.4,61.9,8.4,-0.5,-60.6,32.4,36.7,0,1.5,1
30.098,61.4,61.6,28.2,-0.2,-24.3,30.5,22.0,0,1.5,1
30.199,61.4,61.7,-16.1,-0.3,-36.4,27.6,-7.3,0,1.5,1
30.292,61.4,61.7,-11.6,-0.3,-36.4,24.8,-0.0,0,1.5,1
30.397,61.4,61.6,5.9,-0.2,-24.3,22.8,7.3,0,1.5,1
30.499,61.4,61.6,-3.3,-0.2,-24.3,20.9,-0.0,0,1.5,1
30.597,61.4,61.6,-5.2,-0.2,-24.3,19.0,-0.0,0,1.5,1
30.698,61.4,61.6,-7.1,-0.2,-24.3,17.1,-0.0,0,1.5,1
30.79,61.4,61.6,-9.0,-0.2,-24.3,15.2,-0.0,0,1.5,1
30.901,61.4,61.6,-10.9,-0.2,-24.3,13.3,-0.0,0,1.5,1
30.995,61.4,61.6,-12.8,-0.2,-24.3,11.4,-0.0,0,1.5,1
31.098,61.4,61.6,-14.7,-0.2,-24.3,9.5,-0.0,0,1.5,1
31.298,61.4,61.6,-16.6,-0.2,-24.3,7.6,-0.0,0,1.5,1
31.399,61.4,61.6,-18.5,-0.2,-24.3,5.7,-0.0,0,1.5,1
31.49,61.4,61.6,-20.4,-0.2,-24.3,3.8,-0.0,0,1.5,1
31.591,61.4,61.6,-22.3,-0.2,-24.3,1.9,-0.0,0,1.5,1
31.693,61.4,61.6,-24.3,-0.2,-24.3,-0.0,-0.0,0,1.5,1
31.798,61.4,61.7,-46.6,-0.3,-36.4,-2.9,-7.3,0,1.5,1
31.899,61.4,61.6,-21.7,-0.2,-24.3,-4.8,7.3,0,1.5,1
31.991,61.4,61.5,-10.5,-0.1,-12.1,-5.7,7.3,0,1.5,1
32.198,61.4,61.4,1.6,-0.0,-0.0,-5.7,7.3,0,1.5,1
32.298,61.4,61.5,-26.1,-0.1,-12.1,-6.7,-7.3,0,1.5,1
32.399,61.4,61.5,-19.7,-0.1,-12.1,-7.6,-0.0,0,1.5,1
32.499,61.4,61.5,-20.7,-0.1,-12.1,-8.6,-0.0,0,1.5,1
32.59,61.4,61.5,-21.6,-0.1,-12.1,-9.5,-0.0,0,1.5,1
32.691,61.4,61.4,-2.2,-0.0,-0.0,-9.5,7.3,0,1.5,1
32.794,61.4,61.4,-9.5,-0.0,-0.0,-9.5,-0.0,0,1.5,1
32.899,61.4,61.4,-9.5,-0.0,-0.0,-9.5,-0.0,0,1.5,1
32.999,61.4,61.4,-9.5,-0.0,-0.0,-9.5,-0.0,0,1.5,1
33.099,61.4,61.4,-9.5,-0.0,-0.0,-9.5,-0.0,0,1.5,1
33.189,-28.6,61.4,-660,-90.0,-10912.6,-9.5,0.0,1,1.5,1
33.291,-28.6,60.1,-660,-88.7,-10755.0,-9.5,95.4,1,1.5,1
33.393,-28.6,55.4,-660,-84.0,-10185.1,-9.5,344.8,1,1.5,1
33.494,-28.6,50.4,-660,-79.0,-9578.9,-9.5,366.8,1,1.5,1
33.6,-28.6,45.2,-660,-73.8,-8948.4,-9.5,381.4,1,1.5,1
33.7,-28.6,40.2,-660,-68.8,-8342.1,-9.5,366.8,1,1.5,1
33.8,-28.6,35.1,-660,-63.7,-7723.7,-9.5,374.1,1,1.5,1
33.9,-28.6,30.2,-660,-58.8,-7129.6,-9.5,359.4,1,1.5,1
34.092,-28.6,20.3,-660,-48.9,-5929.2,-9.5,726.2,1,1.5,1
34.198,-28.6,15.3,-660,-43.9,-5322.9,-9.5,366.8,1,1.5,1
34.301,-28.6,10.3,-660,-38.9,-4716.7,-9.5,366.8,1,1.5,1
34.401,-28.6,5.3,-660,-33.9,-4110.4,-9.5,366.8,1,1.5,1
34.504,-28.6,0.3,-660,-28.9,-3504.2,-9.5,366.8,1,1.5,1
34.591,-28.6,-4.7,-660,-23.9,-2897.9,-9.5,366.8,1,1.5,1
34.692,-28.6,-9.7,-660,-18.9,-2291.7,-9.5,366.8,1,1.5,1
34.794,-28.6,-14.8,-660,-13.8,-1673.3,-9.5,374.1,1,1.5,1
35.001,-28.6,-24.8,227.1,-3.8,-460.8,-45.7,733.5,0,1.5,1
35.101,-28.6,-29.3,375.9,0.7,84.9,-39.0,330.1,0,1.5,1
35.19,-28.6,-28.2,-172.0,-0.4,-48.5,-42.8,-80.7,0,1.5,1
35.292,-28.6,-25.8,-585.0,-2.8,-339.5,-69.5,-176.0,0,1.5,1
35.395,-28.6,-26.8,-231.5,-1.8,-218.3,-86.6,73.4,0,1.5,1
35.496,-28.6,-31.1,555.7,2.5,303.1,-62.8,315.4,0,1.5,1
35.702,-28.6,-29.3,-103.3,0.7,84.9,-56.2,-132.0,0,1.5,1
35.79,-28.6,-25.3,-660,-3.3,-400.1,-56.2,-293.4,1,1.5,1
35.892,-28.6,-25.6,-426.5,-3.0,-363.8,-84.7,22.0,0,1.5,1
35.993,-28.6,-30.0,421.1,1.4,169.8,-71.4,322.8,0,1.5,1
36.095,-28.6,-33.4,660,4.8,582.0,-71.4,249.4,1,1.5,1
36.197,-28.6,-32.1,290.9,3.5,424.4,-38.1,-95.4,0,1.5,1
36.302,-28.6,-27.3,-560.2,-1.3,-157.6,-50.5,-352.1,0,1.5,1
36.403,-28.6,-24.3,-660,-4.3,-521.4,-50.5,-220.1,1,1.5,1
36.491,-28.6,-26.6,-143.3,-2.0,-242.5,-69.5,168.7,0,1.5,1
36.592,-28.6,-30.1,383.4,1.5,181.9,-55.2,256.7,0,1.5,1
36.694,-28.6,-30.4,202.2,1.8,218.3,-38.1,22.0,0,1.5,1
36.796,-28.6,-28.4,-210.9,-0.2,-24.3,-40.0,-146.7,0,1.5,1
36.897,-28.6,-27.2,-311.1,-1.4,-169.8,-53.3,-88.0,0,1.5,1
36.999,-28.6,-27.9,-93.5,-0.7,-84.9,-60.0,51.3,0,1.5,1
37.102,-28.6,-29.5,175.1,0.9,109.1,-51.4,117.4,0,1.5,1
37.191,-28.6,-29.7,107.1,1.1,133.4,-40.9,14.7,0,1.5,1
37.294,-28.6,-29.0,-40.0,0.4,48.5,-37.1,-51.3,0,1.5,1
37.399,-28.6,-28.6,-66.5,-0.0,-0.0,-37.1,-29.3,0,1.5,1
37.599,-28.6,-28.8,3.7,0.2,24.3,-35.2,14.7,0,1.5,1
37.69,-28.6,-29.0,31.8,0.4,48.5,-31.4,14.7,0,1.5,1
37.791,-28.6,-29.0,20.9,0.4,48.5,-27.6,-0.0,0,1.5,1
37.893,-28.6,-29.0,24.7,0.4,48.5,-23.8,-0.0,0,1.5,1
37.995,-28.6,-29.0,28.5,0.4,48.5,-20.0,-0.0,0,1.5,1
38.096,-28.6,-28.9,11.9,0.3,36.4,-17.1,-7.3,0,1.5,1
38.198,-28.6,-28.9,22.1,0.3,36.4,-14.3,-0.0,0,1.5,1
38.299,-28.6,-28.9,25.0,0.3,36.4,-11.4,-0.0,0,1.5,1
38.39,-28.6,-28.9,27.8,0.3,36.4,-8.6,-0.0,0,1.5,1
38.492,-28.6,-28.9,30.7,0.3,36.4,-5.7,-0.0,0,1.5,1
38.593,-28.6,-28.9,33.5,0.3,36.4,-2.9,-0.0,0,1.5,1
38.696,-28.6,-28.8,16.0,0.2,24.3,-1.0,-7.3,0,1.5,1
38.797,-28.6,-28.7,4.8,0.1,12.1,-0.0,-7.3,0,1.5,1
38.899,-28.6,-28.7,13.1,0.1,12.1,1.0,-0.0,0,1.5,1
38.99,-28.6,-28.7,14.0,0.1,12.1,1.9,-0.0,0,1.5,1
39.091,-28.6,-28.7,15.0,0.1,12.1,2.9,-0.0,0,1.5,1
39.192,-28.6,-28.7,15.9,0.1,12.1,3.8,-0.0,0,1.5,1
39.295,-28.6,-28.7,16.9,0.1,12.1,4.8,-0.0,0,1.5,1
39.396,-28.6,-28.7,17.8,0.1,12.1,5.7,-0.0,0,1.5,1
39.498,-28.6,-28.7,18.8,0.1,12.1,6.7,-0.0,0,1.5,1
39.599,-28.6,-28.8,40.2,0.2,24.3,8.6,7.3,0,1.5,1
39.69,-28.6,-28.8,34.7,0.2,24.3,10.5,-0.0,0,1.5,1
39.791,-28.6,-28.7,16.2,0.1,12.1,11.4,-7.3,0,1.5,1
39.893,-28.6,-28.7,24.5,0.1,12.1,12.4,-0.0,0,1.5,1
39.995,-28.6,-28.7,25.5,0.1,12.1,13.3,-0.0,0,1.5,1
40.096,-28.6,-28.6,6.0,-0.0,-0.0,13.3,-7.3,0,1.5,1
40.197,-28.6,-28.6,13.3,-0.0,-0.0,13.3,-0.0,0,1.5,1
40.298,-28.6,-28.6,13.3,-0.0,-0.0,13.3,-0.0,0,1.5,1
40.39,-28.6,-28.6,13.3,-0.0,-0.0,13.3,-0.0,0,1.5,1
40.491,-28.6,-28.6,13.3,-0.0,-0.0,13.3,-0.0,0,1.5,1
40.593,-28.6,-28.6,13.3,-0.0,-0.0,13.3,-0.0,0,1.5,1
40.695,-28.6,-28.5,-7.1,-0.1,-12.1,12.4,-7.3,0,1.5,1
40.797,-28.6,-28.5,-0.7,-0.1,-12.1,11.4,-0.0,0,1.5,1
40.898,-28.6,-28.5,-1.7,-0.1,-12.1,10.5,-0.0,0,1.5,1
40.999,-28.6,-28.5,-2.6,-0.1,-12.1,9.5,-0.0,0,1.5,1
41.09,-28.6,-28.5,-3.6,-0.1,-12.1,8.6,-0.0,0,1.5,1
41.192,-28.6,-28.5,-4.5,-0.1,-12.1,7.6,-0.0,0,1.5,1
41.293,-28.6,-28.5,-5.5,-0.1,-12.1,6.7,-0.0,0,1.5,1
41.395,-28.6,-28.5,-6.4,-0.1,-12.1,5.7,-0.0,0,1.5,1
41.496,-28.6,-28.6,13.0,-0.0,-0.0,5.7,7.3,0,1.5,1
41.598,-28.6,-28.5,-14.7,-0.1,-12.1,4.8,-7.3,0,1.5,1
41.699,-28.6,-28.5,-8.3,-0.1,-12.1,3.8,-0.0,0,1.5,1
41.791,-28.6,-28.5,-9.3,-0.1,-12.1,2.9,-0.0,0,1.5,1
41.892,-28.6,-28.5,-10.2,-0.1,-12.1,1.9,-0.0,0,1.5,1
41.994,-28.6,-28.5,-11.2,-0.1,-12.1,1.0,-0.0,0,1.5,1
42.095,-28.6,-28.5,-12.1,-0.1,-12.1,-0.0,-0.0,0,1.5,1
42.298,-28.6,-28.5,-13.1,-0.1,-12.1,-1.0,-0.0,0,1.5,1
42.399,-28.6,-28.5,-14.0,-0.1,-12.1,-1.9,-0.0,0,1.5,1
42.491,-28.6,-28.5,-15.0,-0.1,-12.1,-2.9,-0.0,0,1.5,1
42.592,-28.6,-28.5,-15.9,-0.1,-12.1,-3.8,-0.0,0,1.5,1
42.694,-28.6,-28.5,-16.9,-0.1,-12.1,-4.8,-0.0,0,1.5,1
42.796,-28.6,-28.5,-17.8,-0.1,-12.1,-5.7,-0.0,0,1.5,1
42.897,-28.6,-28.5,-18.8,-0.1,-12.1,-6.7,-0.0,0,1.5,1
42.999,-28.6,-28.5,-19.7,-0.1,-12.1,-7.6,-0.0,0,1.5,1
43.09,-28.6,-28.5,-20.7,-0.1,-12.1,-8.6,-0.0,0,1.5,1
43.193,-28.6,-28.6,-1.2,-0.0,-0.0,-8.6,7.3,0,1.5,1
43.294,-28.6,-28.6,-8.6,-0.0,-0.0,-8.6,-0.0,0,1.5,1
43.395,-28.6,-28.6,-8.6,-0.0,-0.0,-8.6,-0.0,0,1.5,1
43.496,-28.6,-28.6,-8.6,-0.0,-0.0,-8.6,-0.0,0,1.5,1
43.598,-28.6,-28.6,-8.6,-0.0,-0.0,-8.6,-0.0,0,1.5,1
43.699,-28.6,-28.6,-8.6,-0.0,-0.0,-8.6,-0.0,0,1.5,1
43.8,-28.6,-28.6,-8.6,-0.0,-0.0,-8.6,-0.0,0,1.5,1
43.896,-28.6,-28.5,-29.0,-0.1,-12.1,-9.5,-7.3,0,1.5,1
43.994,-28.6,-28.5,-22.6,-0.1,-12.1,-10.5,-0.0,0,1.5,1
44.096,-28.6,-28.6,-3.1,-0.0,-0.0,-10.5,7.3,0,1.5,1
44.197,-28.6,-28.6,-10.5,-0.0,-0.0,-10.5,-0.0,0,1.5,1
44.298,-28.6,-28.6,-10.5,-0.0,-0.0,-10.5,-0.0,0,1.5,1
44.4,-28.6,-28.6,-10.5,-0.0,-0.0,-10.5,-0.0,0,1.5,1
44.491,-28.6,-28.6,-10.5,-0.0,-0.0,-10.5,-0.0,0,1.5,1
44.593,-28.6,-28.5,-30.9,-0.1,-12.1,-11.4,-7.3,0,1.5,1
44.695,-28.6,-28.5,-24.5,-0.1,-12.1,-12.4,-0.0,0,1.5,1
44.796,-28.6,-28.5,-25.5,-0.1,-12.1,-13.3,-0.0,0,1.5,1
44.898,-28.6,-28.5,-26.4,-0.1,-12.1,-14.3,-0.0,0,1.5,1
45.091,-28.6,-28.6,-6.9,-0.0,-0.0,-14.3,7.3,0,1.5,1
45.294,-28.6,-28.7,6.1,0.1,12.1,-13.3,7.3,0,1.5,1
45.396,-28.6,-28.7,-0.3,0.1,12.1,-12.4,-0.0,0,1.5,1
45.497,-28.6,-28.7,0.7,0.1,12.1,-11.4,-0.0,0,1.5,1
45.598,-28.6,-28.7,1.7,0.1,12.1,-10.5,-0.0,0,1.5,1
45.693,-28.6,-28.7,2.6,0.1,12.1,-9.5,-0.0,0,1.5,1
45.791,-28.6,-28.7,3.6,0.1,12.1,-8.6,-0.0,0,1.5,1
45.893,-28.6,-28.7,4.5,0.1,12.1,-7.6,-0.0,0,1.5,1
45.994,-28.6,-28.7,5.5,0.1,12.1,-6.7,-0.0,0,1.5,1
46.095,-28.6,-28.7,6.4,0.1,12.1,-5.7,-0.0,0,1.5,1
46.197,-28.6,-28.7,7.4,0.1,12.1,-4.8,-0.0,0,1.5,1
46.298,-28.6,-28.7,8.3,0.1,12.1,-3.8,-0.0,0,1.5,1
46.401,-28.6,-28.7,9.3,0.1,12.1,-2.9,-0.0,0,1.5,1
46.491,-28.6,-28.7,10.2,0.1,12.1,-1.9,-0.0,0,1.5,1
46.592,-28.6,-28.7,11.2,0.1,12.1,-1.0,-0.0,0,1.5,1
46.694,-28.6,-28.7,12.1,0.1,12.1,-0.0,-0.0,0,1.5,1
46.798,-28.6,-28.7,13.1,0.1,12.1,1.0,-0.0,0,1.5,1
46.897,-28.6,-28.7,14.0,0.1,12.1,1.9,-0.0,0,1.5,1
46.998,-28.6,-28.7,15.0,0.1,12.1,2.9,-0.0,0,1.5,1
47.1,-28.6,-28.7,15.9,0.1,12.1,3.8,-0.0,0,1.5,1
47.191,-28.6,-28.7,16.9,0.1,12.1,4.8,-0.0,0,1.5,1
47.496,-28.6,-28.7,17.8,0.1,12.1,5.7,-0.0,0,1.5,1
47.699,-28.6,-28.8,39.2,0.2,24.3,7.6,7.3,0,1.5,1
47.792,-28.6,-28.8,33.8,0.2,24.3,9.5,-0.0,0,1.5,1
47.891,-28.6,-28.7,15.3,0.1,12.1,10.5,-7.3,0,1.5,1
47.995,-28.6,-28.6,3.1,-0.0,-0.0,10.5,-7.3,0,1.5,1
48.095,-28.6,-28.6,10.5,-0.0,-0.0,10.5,-0.0,0,1.5,1
48.196,61.4,-28.6,660,90.0,10912.6,10.5,0.0,1,1.5,1
48.4,61.4,-24.5,660,85.9,10415.5,10.5,-300.8,1,1.5,1
48.491,61.4,-19.5,660,80.9,9809.2,10.5,-366.8,1,1.5,1
48.592,61.4,-14.5,660,75.9,9203.0,10.5,-366.8,1,1.5,1
48.693,61.4,-9.4,660,70.8,8584.6,10.5,-374.1,1,1.5,1
48.795,61.4,-4.4,660,65.8,7978.3,10.5,-366.8,1,1.5,1
48.898,61.4,0.4,660,61.0,7396.3,10.5,-352.1,1,1.5,1
49.099,61.4,10.2,660,51.2,6208.1,10.5,-718.9,1,1.5,1
49.191,61.4,15.0,660,46.4,5626.1,10.5,-352.1,1,1.5,1
49.293,61.4,19.9,660,41.5,5031.9,10.5,-359.4,1,1.5,1
49.394,61.4,24.8,660,36.6,4437.8,10.5,-359.4,1,1.5,1
49.597,61.4,34.6,660,26.8,3249.5,10.5,-718.9,1,1.5,1
49.698,61.4,39.5,660,21.9,2655.4,10.5,-359.4,1,1.5,1
49.8,61.4,44.4,660,17.0,2061.3,10.5,-359.4,1,1.5,1
49.891,61.4,49.4,660,12.0,1455.0,10.5,-366.8,1,1.5,1
49.993,61.4,54.3,579.5,7.1,860.9,78.1,-359.4,0,1.5,1
50.094,61.4,59.4,-34.5,2.0,242.5,97.1,-374.1,0,1.5,1
50.196,61.4,63.0,-376.2,-1.6,-194.0,81.9,-264.1,0,1.5,1
50.297,61.4,62.9,-107.0,-1.5,-181.9,67.6,7.3,0,1.5,1
50.399,61.4,61.5,157.2,-0.1,-12.1,66.6,102.7,0,1.5,1
50.491,61.4,61.2,114.8,0.2,24.3,68.5,22.0,0,1.5,1
50.592,61.4,61.8,-27.8,-0.4,-48.5,64.7,-44.0,0,1.5,1
50.795,61.4,62.3,-89.6,-0.9,-109.1,56.2,-36.7,0,1.5,1
51.0,61.4,61.9,20.1,-0.5,-60.6,51.4,29.3,0,1.5,1
51.093,61.4,61.6,47.3,-0.2,-24.3,49.5,22.0,0,1.5,1
51.193,61.4,61.5,43.8,-0.1,-12.1,48.6,7.3,0,1.5,1
51.294,61.4,61.6,15.1,-0.2,-24.3,46.6,-7.3,0,1.5,1
51.396,61.4,61.7,0.1,-0.3,-36.4,43.8,-7.3,0,1.5,1
51.498,61.4,61.8,-15.9,-0.4,-48.5,40.0,-7.3,0,1.5,1
51.599,61.4,61.9,-32.7,-0.5,-60.6,35.2,-7.3,0,1.5,1
51.69,61.4,61.8,-9.8,-0.4,-48.5,31.4,7.3,0,1.5,1
51.792,61.4,61.8,-20.9,-0.4,-48.5,27.6,-0.0,0,1.5,1
51.893,61.4,61.8,-24.7,-0.4,-48.5,23.8,-0.0,0,1.5,1
52.097,61.4,61.8,-28.5,-0.4,-48.5,20.0,-0.0,0,1.5,1
52.201,61.4,61.8,-32.3,-0.4,-48.5,16.2,-0.0,0,1.5,1
52.29,61.4,61.7,-15.7,-0.3,-36.4,13.3,7.3,0,1.5,1
52.391,61.4,61.6,-5.5,-0.2,-24.3,11.4,7.3,0,1.5,1
52.493,61.4,61.6,-14.7,-0.2,-24.3,9.5,-0.0,0,1.5,1
52.594,61.4,61.6,-16.6,-0.2,-24.3,7.6,-0.0,0,1.5,1
52.696,61.4,61.6,-18.5,-0.2,-24.3,5.7,-0.0,0,1.5,1
52.899,61.4,61.6,-20.4,-0.2,-24.3,3.8,-0.0,0,1.5,1
52.99,61.4,61.6,-22.3,-0.2,-24.3,1.9,-0.0,0,1.5,1
53.092,61.4,61.6,-24.3,-0.2,-24.3,-0.0,-0.0,0,1.5,1
53.195,61.4,61.6,-26.2,-0.2,-24.3,-1.9,-0.0,0,1.5,1
53.295,61.4,61.6,-28.1,-0.2,-24.3,-3.8,-0.0,0,1.5,1
53.396,61.4,61.6,-30.0,-0.2,-24.3,-5.7,-0.0,0,1.5,1
53.599,61.4,61.6,-31.9,-0.2,-24.3,-7.6,-0.0,0,1.5,1
53.69,61.4,61.6,-33.8,-0.2,-24.3,-9.5,-0.0,0,1.5,1
53.792,61.4,61.6,-35.7,-0.2,-24.3,-11.4,-0.0,0,1.5,1
53.893,61.4,61.5,-17.2,-0.1,-12.1,-12.4,7.3,0,1.5,1
53.995,61.4,61.3,15.4,0.1,12.1,-11.4,14.7,0,1.5,1
54.096,61.4,61.3,1.7,0.1,12.1,-10.5,-0.0,0,1.5,1
54.299,61.4,61.3,2.6,0.1,12.1,-9.5,-0.0,0,1.5,1
54.39,61.4,61.3,3.6,0.1,12.1,-8.6,-0.0,0,1.5,1
54.491,61.4,61.3,4.5,0.1,12.1,-7.6,-0.0,0,1.5,1
54.593,61.4,61.3,5.5,0.1,12.1,-6.7,-0.0,0,1.5,1
54.695,61.4,61.3,6.4,0.1,12.1,-5.7,-0.0,0,1.5,1
54.796,61.4,61.3,7.4,0.1,12.1,-4.8,-0.0,0,1.5,1
54.898,61.4,61.3,8.3,0.1,12.1,-3.8,-0.0,0,1.5,1
54.999,61.4,61.2,29.7,0.2,24.3,-1.9,7.3,0,1.5,1
55.092,61.4,61.2,24.3,0.2,24.3,-0.0,-0.0,0,1.5,1
55.193,61.4,61.3,5.7,0.1,12.1,1.0,-7.3,0,1.5,1
55.294,61.4,61.3,14.0,0.1,12.1,1.9,-0.0,0,1.5,1
55.396,61.4,61.3,15.0,0.1,12.1,2.9,-0.0,0,1.5,1
55.497,61.4,61.3,15.9,0.1,12.1,3.8,-0.0,0,1.5,1
55.598,61.4,61.3,16.9,0.1,12.1,4.8,-0.0,0,1.5,1
55.691,61.4,61.3,17.8,0.1,12.1,5.7,-0.0,0,1.5,1
55.792,61.4,61.3,18.8,0.1,12.1,6.7,-0.0,0,1.5,1
55.893,61.4,61.3,19.7,0.1,12.1,7.6,-0.0,0,1.5,1
55.995,61.4,61.4,0.3,-0.0,-0.0,7.6,-7.3,0,1.5,1
56.096,61.4,61.4,7.6,-0.0,-0.0,7.6,-0.0,0,1.5,1
56.198,61.4,61.4,7.6,-0.0,-0.0,7.6,-0.0,0,1.5,1
56.4,61.4,61.3,28.0,0.1,12.1,8.6,7.3,0,1.5,1
56.494,61.4,61.3,21.6,0.1,12.1,9.5,-0.0,0,1.5,1
56.594,61.4,61.3,22.6,0.1,12.1,10.5,-0.0,0,1.5,1
56.695,61.4,61.3,23.5,0.1,12.1,11.4,-0.0,0,1.5,1
56.797,61.4,61.3,24.5,0.1,12.1,12.4,-0.0,0,1.5,1
56.898,61.4,61.3,25.5,0.1,12.1,13.3,-0.0,0,1.5,1
57.0,61.4,61.3,26.4,0.1,12.1,14.3,-0.0,0,1.5,1
57.093,61.4,61.3,27.4,0.1,12.1,15.2,-0.0,0,1.5,1
57.194,61.4,61.3,28.3,0.1,12.1,16.2,-0.0,0,1.5,1
57.294,61.4,61.4,8.8,-0.0,-0.0,16.2,-7.3,0,1.5,1
57.396,61.4,61.5,-4.2,-0.1,-12.1,15.2,-7.3,0,1.5,1
57.497,61.4,61.4,22.6,-0.0,-0.0,15.2,7.3,0,1.5,1
57.599,61.4,61.5,-5.2,-0.1,-12.1,14.3,-7.3,0,1.5,1
57.7,61.4,61.5,1.2,-0.1,-12.1,13.3,-0.0,0,1.5,1
57.792,61.4,61.4,20.7,-0.0,-0.0,13.3,7.3,0,1.5,1
57.893,61.4,61.4,13.3,-0.0,-0.0,13.3,-0.0,0,1.5,1
57.995,61.4,61.4,13.3,-0.0,-0.0,13.3,-0.0,0,1.5,1
58.096,61.4,61.4,13.3,-0.0,-0.0,13.3,-0.0,0,1.5,1
58.198,61.4,61.4,13.3,-0.0,-0.0,13.3,-0.0,0,1.5,1
58.299,61.4,61.4,13.3,-0.0,-0.0,13.3,-0.0,0,1.5,1
58.502,61.4,61.5,-7.1,-0.1,-12.1,12.4,-7.3,0,1.5,1
58.596,61.4,61.4,19.7,-0.0,-0.0,12.4,7.3,0,1.5,1
58.695,61.4,61.4,12.4,-0.0,-0.0,12.4,-0.0,0,1.5,1
58.797,61.4,61.4,12.4,-0.0,-0.0,12.4,-0.0,0,1.5,1
58.898,61.4,61.4,12.4,-0.0,-0.0,12.4,-0.0,0,1.5,1
58.999,61.4,61.5,-8.0,-0.1,-12.1,11.4,-7.3,0,1.5,1
59.101,61.4,61.5,-1.7,-0.1,-12.1,10.5,-0.0,0,1.5,1
59.203,61.4,61.5,-2.6,-0.1,-12.1,9.5,-0.0,0,1.5,1
59.294,61.4,61.5,-3.6,-0.1,-12.1,8.6,-0.0,0,1.5,1
59.397,61.4,61.5,-4.5,-0.1,-12.1,7.6,-0.0,0,1.5,1
59.497,61.4,61.5,-5.5,-0.1,-12.1,6.7,-0.0,0,1.5,1
59.598,61.4,61.5,-6.4,-0.1,-12.1,5.7,-0.0,0,1.5,1
59.699,61.4,61.5,-7.4,-0.1,-12.1,4.8,-0.0,0,1.5,1
59.801,61.4,61.5,-8.3,-0.1,-12.1,3.8,-0.0,0,1.5,1
59.903,61.4,61.5,-9.3,-0.1,-12.1,2.9,-0.0,0,1.5,1
60.009,61.4,61.5,-10.2,-0.1,-12.1,1.9,-0.0,0,1.5,1
60.096,61.4,61.5,-11.2,-0.1,-12.1,1.0,-0.0,0,1.5,1
60.199,61.4,61.5,-12.1,-0.1,-12.1,-0.0,-0.0,0,1.5,1
60.299,61.4,61.5,-13.1,-0.1,-12.1,-1.0,-0.0,0,1.5,1
60.4,61.4,61.5,-14.0,-0.1,-12.1,-1.9,-0.0,0,1.5,1
60.603,61.4,61.5,-15.0,-0.1,-12.1,-2.9,-0.0,0,1.5,1
60.694,61.4,61.5,-15.9,-0.1,-12.1,-3.8,-0.0,0,1.5,1
60.796,61.4,61.5,-16.9,-0.1,-12.1,-4.8,-0.0,0,1.5,1
60.898,61.4,61.5,-17.8,-0.1,-12.1,-5.7,-0.0,0,1.5,1
60.999,61.4,61.5,-18.8,-0.1,-12.1,-6.7,-0.0,0,1.5,1
61.101,61.4,61.5,-19.7,-0.1,-12.1,-7.6,-0.0,0,1.5,1
61.203,61.4,61.5,-20.7,-0.1,-12.1,-8.6,-0.0,0,1.5,1
61.304,61.4,61.5,-21.6,-0.1,-12.1,-9.5,-0.0,0,1.5,1
61.405,61.4,61.5,-22.6,-0.1,-12.1,-10.5,-0.0,0,1.5,1
61.496,61.4,61.5,-23.5,-0.1,-12.1,-11.4,-0.0,0,1.5,1
61.598,61.4,61.5,-24.5,-0.1,-12.1,-12.4,-0.0,0,1.5,1
61.699,61.4,61.5,-25.5,-0.1,-12.1,-13.3,-0.0,0,1.5,1
61.795,61.4,61.4,-6.0,-0.0,-0.0,-13.3,7.3,0,1.5,1
61.902,61.4,61.4,-13.3,-0.0,-0.0,-13.3,-0.0,0,1.5,1
61.996,61.4,61.4,-13.3,-0.0,-0.0,-13.3,-0.0,0,1.5,1
62.098,61.4,61.4,-13.3,-0.0,-0.0,-13.3,-0.0,0,1.5,1
62.198,61.4,61.4,-13.3,-0.0,-0.0,-13.3,-0.0,0,1.5,1
62.39,61.4,61.4,-13.3,-0.0,-0.0,-13.3,-0.0,0,1.5,1
62.496,61.4,61.4,-13.3,-0.0,-0.0,-13.3,-0.0,0,1.5,1
62.595,61.4,61.4,-13.3,-0.0,-0.0,-13.3,-0.0,0,1.5,1
62.696,61.4,61.4,-13.3,-0.0,-0.0,-13.3,-0.0,0,1.5,1
62.798,61.4,61.4,-13.3,-0.0,-0.0,-13.3,-0.0,0,1.5,1
62.899,61.4,61.3,7.1,0.1,12.1,-12.4,7.3,0,1.5,1
62.991,61.4,61.3,0.7,0.1,12.1,-11.4,-0.0,0,1.5,1
63.097,61.4,61.3,1.7,0.1,12.1,-10.5,-0.0,0,1.5,1
63.197,61.4,61.3,2.6,0.1,12.1,-9.5,0.0,0,1.5,1
63.297,61.4,61.3,3.6,0.1,12.1,-8.6,-0.0,0,1.5,1
63.397,61.4,61.4,-15.9,-0.0,-0.0,-8.6,-7.3,0,1.5,1
63.499,61.4,61.4,-8.6,-0.0,-0.0,-8.6,-0.0,0,1.5,1
63.6,61.4,61.5,-29.0,-0.1,-12.1,-9.5,-7.3,0,1.5,1
63.691,61.4,61.5,-22.6,-0.1,-12.1,-10.5,-0.0,0,1.5,1
63.798,61.4,61.4,-3.1,-0.0,-0.0,-10.5,7.3,0,1.5,1
63.897,61.4,61.4,-10.5,-0.0,-0.0,-10.5,-0.0,0,1.5,1
63.997,61.4,61.4,-10.5,-0.0,-0.0,-10.5,-0.0,0,1.5,1
64.098,61.4,61.4,-10.5,-0.0,-0.0,-10.5,-0.0,0,1.5,1
64.199,61.4,61.4,-10.5,-0.0,-0.0,-10.5,-0.0,0,1.5,1
64.291,61.4,61.4,-10.5,-0.0,-0.0,-10.5,-0.0,0,1.5,1
64.392,61.4,61.4,-10.5,-0.0,-0.0,-10.5,-0.0,0,1.5,1
64.498,61.4,61.4,-10.5,-0.0,-0.0,-10.5,-0.0,0,1.5,1
64.598,61.4,61.4,-10.5,-0.0,-0.0,-10.5,-0.0,0,1.5,1
64.698,61.4,61.3,9.9,0.1,12.1,-9.5,7.3,0,1.5,1
64.799,61.4,61.4,-16.9,-0.0,-0.0,-9.5,-7.3,0,1.5,1
64.991,61.4,61.4,-9.5,-0.0,-0.0,-9.5,-0.0,0,1.5,1
65.094,61.4,61.4,-9.5,-0.0,-0.0,-9.5,-0.0,0,1.5,1
65.199,61.4,61.4,-9.5,-0.0,-0.0,-9.5,-0.0,0,1.5,1
65.298,61.4,61.4,-9.5,-0.0,-0.0,-9.5,-0.0,0,1.5,1
65.399,61.4,61.4,-9.5,-0.0,-0.0,-9.5,-0.0,0,1.5,1
65.499,61.4,61.4,-9.5,-0.0,-0.0,-9.5,-0.0,0,1.5,1
65.6,61.4,61.4,-9.5,-0.0,-0.0,-9.5,-0.0,0,1.5,1
65.691,61.4,61.4,-9.5,-0.0,-0.0,-9.5,-0.0,0,1.5,1
65.793,61.4,61.3,10.9,0.1,12.1,-8.6,7.3,0,1.5,1
65.898,61.4,61.3,4.5,0.1,12.1,-7.6,-0.0,0,1.5,1
65.999,61.4,61.3,5.5,0.1,12.1,-6.7,-0.0,0,1.5,1
66.099,61.4,61.3,6.4,0.1,12.1,-5.7,-0.0,0,1.5,1
66.19,61.4,61.4,-13.0,-0.0,-0.0,-5.7,-7.3,0,1.5,1
66.292,61.4,61.4,-5.7,-0.0,-0.0,-5.7,-0.0,0,1.5,1
66.393,61.4,61.4,-5.7,-0.0,-0.0,-5.7,-0.0,0,1.5,1
66.499,61.4,61.4,-5.7,-0.0,-0.0,-5.7,-0.0,0,1.5,1
66.6,61.4,61.4,-5.7,-0.0,-0.0,-5.7,-0.0,0,1.5,1
66.699,61.4,61.4,-5.7,-0.0,-0.0,-5.7,-0.0,0,1.5,1
66.901,61.4,61.3,14.7,0.1,12.1,-4.8,7.3,0,1.5,1
67.094,61.4,61.3,8.3,0.1,12.1,-3.8,-0.0,0,1.5,1
67.2,61.4,61.3,9.3,0.1,12.1,-2.9,-0.0,0,1.5,1
67.3,61.4,61.3,10.2,0.1,12.1,-1.9,-0.0,0,1.5,1
67.4,61.4,61.3,11.2,0.1,12.1,-1.0,-0.0,0,1.5,1
67.49,61.4,61.3,12.1,0.1,12.1,-0.0,-0.0,0,1.5,1
67.591,61.4,61.3,13.1,0.1,12.1,1.0,-0.0,0,1.5,1
67.693,61.4,61.3,14.0,0.1,12.1,1.9,-0.0,0,1.5,1
67.794,61.4,61.3,15.0,0.1,12.1,2.9,-0.0,0,1.5,1
67.896,61.4,61.3,15.9,0.1,12.1,3.8,-0.0,0,1.5,1
68.001,61.4,61.3,16.9,0.1,12.1,4.8,-0.0,0,1.5,1
68.102,61.4,61.4,-2.6,-0.0,-0.0,4.8,-7.3,0,1.5,1
68.189,61.4,61.3,25.2,0.1,12.1,5.7,7.3,0,1.5,1
68.291,61.4,61.4,-1.6,-0.0,-0.0,5.7,-7.3,0,1.5,1
68.392,61.4,61.4,5.7,-0.0,-0.0,5.7,-0.0,0,1.5,1
68.494,61.4,61.4,5.7,-0.0,-0.0,5.7,-0.0,0,1.5,1
68.595,61.4,61.4,5.7,-0.0,-0.0,5.7,-0.0,0,1.5,1
68.701,61.4,61.4,5.7,-0.0,-0.0,5.7,-0.0,0,1.5,1
68.802,61.4,61.4,5.7,-0.0,-0.0,5.7,-0.0,0,1.5,1
68.901,61.4,61.4,5.7,-0.0,-0.0,5.7,-0.0,0,1.5,1
68.994,61.4,61.4,5.7,-0.0,-0.0,5.7,-0.0,0,1.5,1
69.092,61.4,61.4,5.7,-0.0,-0.0,5.7,-0.0,0,1.5,1
69.194,61.4,61.4,5.7,-0.0,-0.0,5.7,-0.0,0,1.5,1
69.296,61.4,61.4,5.7,-0.0,-0.0,5.7,-0.0,0,1.5,1
69.397,61.4,61.4,5.7,-0.0,-0.0,5.7,-0.0,0,1.5,1
69.502,61.4,61.4,5.7,-0.0,-0.0,5.7,-0.0,0,1.5,1
69.691,61.4,61.4,5.7,-0.0,-0.0,5.7,-0.0,0,1.5,1
69.793,61.4,61.4,5.7,-0.0,-0.0,5.7,-0.0,0,1.5,1
69.894,61.4,61.4,5.7,-0.0,-0.0,5.7,-0.0,0,1.5,1
69.998,61.4,61.4,5.7,-0.0,-0.0,5.7,-0.0,0,1.5,1
70.097,61.4,61.4,5.7,-0.0,-0.0,5.7,-0.0,0,1.5,1
70.203,61.4,61.4,5.7,-0.0,-0.0,5.7,-0.0,0,1.5,1
70.29,61.4,61.4,5.7,-0.0,-0.0,5.7,-0.0,0,1.5,1
70.391,61.4,61.4,5.7,-0.0,-0.0,5.7,-0.0,0,1.5,1
70.493,61.4,61.3,26.1,0.1,12.1,6.7,7.3,0,1.5,1
70.594,61.4,61.3,19.7,0.1,12.1,7.6,-0.0,0,1.5,1
70.696,61.4,61.4,0.3,-0.0,-0.0,7.6,-7.3,0,1.5,1
70.798,61.4,61.4,7.6,-0.0,-0.0,7.6,-0.0,0,1.5,1
70.904,61.4,61.4,7.6,-0.0,-0.0,7.6,-0.0,0,1.5,1
70.994,61.4,61.4,7.6,-0.0,-0.0,7.6,-0.0,0,1.5,1
71.094,61.4,61.4,7.6,-0.0,-0.0,7.6,-0.0,0,1.5,1
71.295,61.4,61.3,28.0,0.1,12.1,8.6,7.3,0,1.5,1
71.398,61.4,61.3,21.6,0.1,12.1,9.5,-0.0,0,1.5,1
71.498,61.4,61.4,2.2,-0.0,-0.0,9.5,-7.3,0,1.5,1
71.6,61.4,61.4,9.5,-0.0,-0.0,9.5,-0.0,0,1.5,1
71.792,61.4,61.4,9.5,-0.0,-0.0,9.5,-0.0,0,1.5,1
71.894,61.4,61.4,9.5,-0.0,-0.0,9.5,-0.0,0,1.5,1
71.996,61.4,61.4,9.5,-0.0,-0.0,9.5,-0.0,0,1.5,1
72.097,61.4,61.4,9.5,-0.0,-0.0,9.5,-0.0,0,1.5,1
72.198,61.4,61.4,9.5,-0.0,-0.0,9.5,-0.0,0,1.5,1
72.29,61.4,61.4,9.5,-0.0,-0.0,9.5,-0.0,0,1.5,1
72.391,61.4,61.4,9.5,-0.0,-0.0,9.5,-0.0,0,1.5,1
72.492,61.4,61.4,9.5,-0.0,-0.0,9.5,-0.0,0,1.5,1
72.594,61.4,61.4,9.5,-0.0,-0.0,9.5,-0.0,0,1.5,1
72.695,61.4,61.4,9.5,-0.0,-0.0,9.5,-0.0,0,1.5,1
72.796,61.4,61.4,9.5,-0.0,-0.0,9.5,-0.0,0,1.5,1
72.898,61.4,61.3,29.9,0.1,12.1,10.5,7.3,0,1.5,1
73.0,61.4,61.3,23.5,0.1,12.1,11.4,-0.0,0,1.5,1
73.091,61.4,61.3,24.5,0.1,12.1,12.4,-0.0,0,1.5,1
73.192,61.4,61.4,5.0,-0.0,-0.0,12.4,-7.3,0,1.5,1
73.294,61.4,61.4,12.4,-0.0,-0.0,12.4,-0.0,0,1.5,1
73.395,61.4,61.5,-8.0,-0.1,-12.1,11.4,-7.3,0,1.5,1
73.497,61.4,61.5,-1.7,-0.1,-12.1,10.5,-0.0,0,1.5,1
73.598,61.4,61.4,17.8,-0.0,-0.0,10.5,7.3,0,1.5,1
73.7,61.4,61.4,10.5,-0.0,-0.0,10.5,-0.0,0,1.5,1
73.791,61.4,61.4,10.5,-0.0,-0.0,10.5,-0.0,0,1.5,1
73.892,61.4,61.5,-9.9,-0.1,-12.1,9.5,-7.3,0,1.5,1
73.995,61.4,61.5,-3.6,-0.1,-12.1,8.6,-0.0,0,1.5,1
74.096,61.4,61.5,-4.5,-0.1,-12.1,7.6,-0.0,0,1.5,1
74.198,61.4,61.5,-5.5,-0.1,-12.1,6.7,-0.0,0,1.5,1
74.299,61.4,61.5,-6.4,-0.1,-12.1,5.7,-0.0,0,1.5,1
74.39,61.4,61.5,-7.4,-0.1,-12.1,4.8,-0.0,0,1.5,1
74.593,61.4,61.5,-8.3,-0.1,-12.1,3.8,-0.0,0,1.5,1
74.695,61.4,61.5,-9.3,-0.1,-12.1,2.9,-0.0,0,1.5,1
74.797,61.4,61.5,-10.2,-0.1,-12.1,1.9,-0.0,0,1.5,1
74.898,61.4,61.5,-11.2,-0.1,-12.1,1.0,-0.0,0,1.5,1
74.999,61.4,61.5,-12.1,-0.1,-12.1,-0.0,-0.0,0,1.5,1
75.091,61.4,61.5,-13.1,-0.1,-12.1,-1.0,-0.0,0,1.5,1
75.294,61.4,61.5,-14.0,-0.1,-12.1,-1.9,-0.0,0,1.5,1
75.395,61.4,61.5,-15.0,-0.1,-12.1,-2.9,-0.0,0,1.5,1
75.497,61.4,61.5,-15.9,-0.1,-12.1,-3.8,-0.0,0,1.5,1
75.598,61.4,61.5,-16.9,-0.1,-12.1,-4.8,-0.0,0,1.5,1
75.791,61.4,61.5,-17.8,-0.1,-12.1,-5.7,-0.0,0,1.5,1
75.994,61.4,61.5,-18.8,-0.1,-12.1,-6.7,-0.0,0,1.5,1
76.096,61.4,61.5,-19.7,-0.1,-12.1,-7.6,-0.0,0,1.5,1
76.197,61.4,61.5,-20.7,-0.1,-12.1,-8.6,-0.0,0,1.5,1
76.299,61.4,61.5,-21.6,-0.1,-12.1,-9.5,-0.0,0,1.5,1
76.4,61.4,61.5,-22.6,-0.1,-12.1,-10.5,-0.0,0,1.5,1
76.492,61.4,61.5,-23.5,-0.1,-12.1,-11.4,-0.0,0,1.5,1
76.593,61.4,61.5,-24.5,-0.1,-12.1,-12.4,-0.0,0,1.5,1
76.694,61.4,61.4,-5.0,-0.0,-0.0,-12.4,7.3,0,1.5,1
76.796,61.4,61.4,-12.4,-0.0,-0.0,-12.4,-0.0,0,1.5,1
76.897,61.4,61.4,-12.4,-0.0,-0.0,-12.4,-0.0,0,1.5,1
76.999,61.4,61.4,-12.4,-0.0,-0.0,-12.4,-0.0,0,1.5,1
77.1,61.4,61.4,-12.4,-0.0,-0.0,-12.4,-0.0,0,1.5,1
77.192,61.4,61.4,-12.4,-0.0,-0.0,-12.4,-0.0,0,1.5,1
77.396,61.4,61.3,8.0,0.1,12.1,-11.4,7.3,0,1.5,1
77.499,61.4,61.3,1.7,0.1,12.1,-10.5,-0.0,0,1.5,1
77.69,61.4,61.3,2.6,0.1,12.1,-9.5,-0.0,0,1.5,1
77.792,61.4,61.4,-16.9,-0.0,-0.0,-9.5,-7.3,0,1.5,1
77.893,61.4,61.4,-9.5,-0.0,-0.0,-9.5,-0.0,0,1.5,1
77.995,61.4,61.4,-9.5,-0.0,-0.0,-9.5,-0.0,0,1.5,1
78.096,61.4,61.4,-9.5,-0.0,-0.0,-9.5,-0.0,0,1.5,1
